{
  "Jet_Material": {
    "name": "Jet_Material",
    "mapTo": "Jet_Material",
    "class": "Material",
    "Stages": [
      { 
        "baseColorMap": "/vehicles/common/pigeon/Jetgion_Albedo.png",
"metallicFactor":1,
        "metallicMap": "/vehicles/common/pigeon/Jetgion_Metalness.png",
        "normalMap": "/vehicles/common/pigeon/Jetgion_Normal.png",
        "roughnessFactor":0.9,
        "roughnessMap": "/vehicles/common/pigeon/Jetgion_Roughness.png",
      
      },
      {},
      {}
    ],
"dynamicCubemap": true,
"version": 1.5

  }
}