{
    "attachments": [
        {
            "data_filename": "1043909.jpg",
            "original_filename": "Jetgion_4w.jpg",
            "thumb_filename": "thumbs\/1043909.jpg"
        },
        {
            "data_filename": "1043921.jpg",
            "original_filename": "Jetgion.jpg",
            "thumb_filename": "thumbs\/1043921.jpg"
        },
        {
            "data_filename": "1043922.png",
            "original_filename": "Jet.png",
            "thumb_filename": "thumbs\/1043922.jpg"
        }
    ],
    "resource_id": 27612,
    "current_version_id": 48294,
    "download_count": 0,
    "resource_version_id": 48294,
    "version_string": "0.1",
    "last_update": 1689713620,
    "rating_avg": 0,
    "rating_count": 0,
    "rating_sum": 0,
    "resource_category_id": 14,
    "resource_date": 1689713620,
    "review_count": 0,
    "tag_line": "Jet-powered Pigeon",
    "update_count": 0,
    "path": "MSN3R4E7B\/48294\/",
    "filename": "jet_pigeon.zip",
    "title": "Jetgion",
    "user_id": 543064,
    "username": "Merciless_sun_god",
    "tagid": "MSN3R4E7B",
    "message": "It's a Jet powered pigeon. Fun to drive. It works how I want it to (mostly). Lots of power with no wheelspin.\n(it also works with the fligeon mod:[URL]https:\/\/www.beamng.com\/resources\/fligeon-the-flying-pigeon.21652\/[\/URL])\nNeed to add fuel consumption and proper functionality for the wigeon(might add it to more cars in the future).\n\n2 Configs\n4 wheel:\n[ATTACH]1043909[\/ATTACH]\n3 wheel:\n[ATTACH]1043921[\/ATTACH]\n\nScreenshots:\n[ATTACH]1043922[\/ATTACH]\n[ATTACH]1043923[\/ATTACH]\n[ATTACH]1043924[\/ATTACH]\n\nIt is my first mod so it isn't the best. Constructive criticism is appreciated.",
    "category_title": "",
    "prefix_title": "Experimental",
    "via": "packed by repo on Tue, 18 Jul 2023 22:01:12 GMT",
    "hashes": [
        [
            "lua\/vehicle\/controller\/Jet.lua",
            "8fd697f0254d7fc7"
        ],
        [
            "art\/sound\/engine_starter\/Jet_Start_Loop.ogg",
            "25b2b5ec9235a806"
        ],
        [
            "art\/sound\/engine_starter\/Jet_Start.flac",
            "451f4d3ddb97a872"
        ],
        [
            "art\/sound\/blends\/Jet_engine.sfxBlend2D.json",
            "347ad1c0f770a968"
        ],
        [
            "art\/sound\/blends\/Jet_Engine_EXH.sfxBlend2D.json",
            "3a587940559caeac"
        ],
        [
            "art\/sound\/engine\/Jet_Engine_EXH\/4000_EXH.flac",
            "c8bf01fc1fcb50d2"
        ],
        [
            "art\/sound\/engine\/Jet_Engine_EXH\/2000_EXH.flac",
            "ce6b88f173eb0a2f"
        ],
        [
            "art\/sound\/engine\/Jet_Engine_EXH\/2000.flac",
            "894ad491867ae9c3"
        ],
        [
            "art\/sound\/engine\/Jet_Engine_EXH\/6000_EXH.flac",
            "3dee16d6293abbb1"
        ],
        [
            "art\/sound\/engine\/Jet_engine\/6000.flac",
            "3ea4be00706371f4"
        ],
        [
            "art\/sound\/engine\/Jet_engine\/4000.flac",
            "5088985a6ffde251"
        ],
        [
            "art\/sound\/engine\/Jet_engine\/2000.flac",
            "894ad491867ae9c3"
        ],
        [
            "vehicles\/common\/pigeon\/Jetgion_Normal.png",
            "23d6d342d840493f"
        ],
        [
            "vehicles\/common\/pigeon\/Jet.dae",
            "cfb0e1d6cb5ff60f"
        ],
        [
            "vehicles\/common\/pigeon\/Jetgion_Roughness.png",
            "ebba743083ea0d7b"
        ],
        [
            "vehicles\/common\/pigeon\/Jet_Engine.Jbeam",
            "d38d4f7ee730161a"
        ],
        [
            "vehicles\/common\/pigeon\/Jetgion_Metalness.png",
            "c415229efdaf2cda"
        ],
        [
            "vehicles\/common\/pigeon\/Jetgion_Albedo.png",
            "70b111d082938b7c"
        ],
        [
            "vehicles\/common\/pigeon\/Jetgion.materials.json",
            "19903b791c619f9f"
        ],
        [
            "vehicles\/pigeon\/info_Jetgion.json",
            "e1facb6195d28870"
        ],
        [
            "vehicles\/pigeon\/Jetgion.pc",
            "b2cedb954e9ae5ef"
        ],
        [
            "vehicles\/pigeon\/Jetgion_4w.pc",
            "e8bb69d4a297b091"
        ],
        [
            "vehicles\/pigeon\/Jetgion.jpg",
            "6b5b543a84ebeabd"
        ],
        [
            "vehicles\/pigeon\/Jetgion_4w.jpg",
            "503a77a312135521"
        ],
        [
            "vehicles\/pigeon\/info_Jetgion_4w.json",
            "b0a50ddf0de7a366"
        ]
    ]
}