{
    "attachments": [
        {
            "data_filename": "884046.png",
            "original_filename": "screenshot_2022-02-14_20-05-29.png",
            "thumb_filename": "thumbs\/884046.jpg"
        }
    ],
    "resource_id": 21652,
    "current_version_id": 37739,
    "download_count": 0,
    "resource_version_id": 37817,
    "version_string": "1.1",
    "last_update": 1645001161,
    "rating_avg": 4.84375,
    "rating_count": 0,
    "rating_sum": 0,
    "resource_category_id": 7,
    "resource_date": 1645001161,
    "review_count": 32,
    "tag_line": "It really shouldn't fly",
    "update_count": 0,
    "path": "MT1VLCZ3F\/37739\/",
    "filename": "DSC_FLIGEON.zip",
    "title": "Fligeon - The Flying Pigeon",
    "user_id": 3497,
    "username": "DrowsySam",
    "tagid": "MT1VLCZ3F",
    "message": "[CENTER][ATTACH]884046[\/ATTACH][\/CENTER]\nHey team, here's a quick rainy day project, it's a flying Pigeon!\n\n[MEDIA=youtube]0KuorZXeAco[\/MEDIA]\n\nThe wings are fabric, it turns by pulling on cables..\nThe driveshaft is connected to a belt\/pulley that drives the prop...\nThe elevators and rudder are trash can lids......\nI've said enough........\nEnjoy!\n\nControls\nLeft thumbstick = Elevator\nW & S = Also elevator\nAccelerate = Accelerate\nMake sure it's in D(drive)!\n\n[I]If your elevator controls aren't working you may have another Pigeon mod conflict, I'll fix this in the next update, for now disable any other Pigeon mod if you have an issue. [\/I]",
    "category_title": "",
    "prefix_title": "",
    "via": "packed by repo on Sat, 19 Feb 2022 03:00:54 GMT",
    "hashes": [
        [
            "vehicles\/pigeon\/PropellerPigeon.pc",
            "073fc6401154cf98"
        ],
        [
            "vehicles\/pigeon\/pigeon_propeller.jbeam",
            "25d67acf3e0fc8b6"
        ],
        [
            "vehicles\/pigeon\/DS_Propthing.dae",
            "8cb18566bbdb7e93"
        ],
        [
            "vehicles\/pigeon\/info_PropellerPigeon.json",
            "e3e5087078d35e0c"
        ],
        [
            "vehicles\/pigeon\/input_actions_fligeon.json",
            "1b43d38f4dca2927"
        ],
        [
            "vehicles\/pigeon\/inputmaps\/xidevice.json",
            "3a3f3d2140c40309"
        ],
        [
            "vehicles\/pigeon\/inputmaps\/keyboard.json",
            "ea469671f8a260e6"
        ],
        [
            "vehicles\/pigeon\/PropellerPigeon.png",
            "623d96f154eb8aa4"
        ]
    ]
}